8:30,0
8:31,1
8:32,2
8:33,3
8:34,4
8:35,5
8:36,6
8:37,7
8:38,8
8:39,9
8:40,10
8:41,11
8:42,12
8:43,13
8:44,14
8:45,15
8:46,16
8:47,17
8:48,18
8:49,19
8:50,20
8:51,21
8:52,22
8:53,23
8:54,24
8:55,25
8:56,26
8:57,27
8:58,28
8:59,29
9:00,30
9:01,31
9:02,32
9:03,33
9:04,34
9:05,35
9:06,36
9:07,37
9:08,38
9:09,39
9:10,40
9:11,41
9:12,42
9:13,43
9:14,44
9:15,45
9:16,46
9:17,47
9:18,48
9:19,49
9:20,50
9:21,51
9:22,52
9:23,53
9:24,54
9:25,55
9:26,56
9:27,57
9:28,58
9:29,59
9:30,60
9:31,61
9:32,62
9:33,63
9:34,64
9:35,65
9:36,66
9:37,67
9:38,68
9:39,69
9:40,70
9:41,71
9:42,72
9:43,73
9:44,74
9:45,75
9:46,76
9:47,77
9:48,78
9:49,79
9:50,80
9:51,81
9:52,82
9:53,83
9:54,84
9:55,85
9:56,86
9:57,87
9:58,88
9:59,89
10:00,90
10:01,91
10:02,92
10:03,93
10:04,94
10:05,95
10:06,96
10:07,97
10:08,98
10:09,99
10:10,100
10:11,101
10:12,102
10:13,103
10:14,104
10:15,105
10:16,106
10:17,107
10:18,108
10:19,109
10:20,110
10:21,111
10:22,112
10:23,113
10:24,114
10:25,115
10:26,116
10:27,117
10:28,118
10:29,119
10:30,120
10:31,121
10:32,122
10:33,123
10:34,124
10:35,125
10:36,126
10:37,127
10:38,128
10:39,129
10:40,130
10:41,131
10:42,132
10:43,133
10:44,134
10:45,135
10:46,136
10:47,137
10:48,138
10:49,139
10:50,140
10:51,141
10:52,142
10:53,143
10:54,144
10:55,145
10:56,146
10:57,147
10:58,148
10:59,149
11:00,150
11:01,151
11:02,152
11:03,153
11:04,154
11:05,155
11:06,156
11:07,157
11:08,158
11:09,159
11:10,160
11:11,161
11:12,162
11:13,163
11:14,164
11:15,165
11:16,166
11:17,167
11:18,168
11:19,169
11:20,170
11:21,171
11:22,172
11:23,173
11:24,174
11:25,175
11:26,176
11:27,177
11:28,178
11:29,179
11:30,180
11:31,181
11:32,182
11:33,183
11:34,184
11:35,185
11:36,186
11:37,187
11:38,188
11:39,189
11:40,190
11:41,191
11:42,192
11:43,193
11:44,194
11:45,195
11:46,196
11:47,197
11:48,198
11:49,199
11:50,200
11:51,201
11:52,202
11:53,203
11:54,204
11:55,205
11:56,206
11:57,207
11:58,208
11:59,209
12:00,210
12:01,211
12:02,212
12:03,213
12:04,214
12:05,215
12:06,216
12:07,217
12:08,218
12:09,219
12:10,220
12:11,221
12:12,222
12:13,223
12:14,224
12:15,225
12:16,226
12:17,227
12:18,228
12:19,229
12:20,230
12:21,231
12:22,232
12:23,233
12:24,234
12:25,235
12:26,236
12:27,237
12:28,238
12:29,239
12:30,240
12:31,241
12:32,242
12:33,243
12:34,244
12:35,245
12:36,246
12:37,247
12:38,248
12:39,249
12:40,250
12:41,251
12:42,252
12:43,253
12:44,254
12:45,255
12:46,256
12:47,257
12:48,258
12:49,259
12:50,260
12:51,261
12:52,262
12:53,263
12:54,264
12:55,265
12:56,266
12:57,267
12:58,268
12:59,269
13:00,270
13:01,271
13:02,272
13:03,273
13:04,274
13:05,275
13:06,276
13:07,277
13:08,278
13:09,279
13:10,280
13:11,281
13:12,282
13:13,283
13:14,284
13:15,285
13:16,286
13:17,287
13:18,288
13:19,289
13:20,290
13:21,291
13:22,292
13:23,293
13:24,294
13:25,295
13:26,296
13:27,297
13:28,298
13:29,299
13:30,300
13:31,301
13:32,302
13:33,303
13:34,304
13:35,305
13:36,306
13:37,307
13:38,308
13:39,309
13:40,310
13:41,311
13:42,312
13:43,313
13:44,314
13:45,315
13:46,316
13:47,317
13:48,318
13:49,319
13:50,320
13:51,321
13:52,322
13:53,323
13:54,324
13:55,325
13:56,326
13:57,327
13:58,328
13:59,329
14:00,330
14:01,331
14:02,332
14:03,333
14:04,334
14:05,335
14:06,336
14:07,337
14:08,338
14:09,339
14:10,340
14:11,341
14:12,342
14:13,343
14:14,344
14:15,345
14:16,346
14:17,347
14:18,348
14:19,349
14:20,350
14:21,351
14:22,352
14:23,353
14:24,354
14:25,355
14:26,356
14:27,357
14:28,358
14:29,359
14:30,360
14:31,361
14:32,362
14:33,363
14:34,364
14:35,365
14:36,366
14:37,367
14:38,368
14:39,369
14:40,370
14:41,371
14:42,372
14:43,373
14:44,374
14:45,375
14:46,376
14:47,377
14:48,378
14:49,379
14:50,380
14:51,381
14:52,382
14:53,383
14:54,384
14:55,385
14:56,386
14:57,387
14:58,388
14:59,389
15:00,390
15:01,391
15:02,392
15:03,393
15:04,394
15:05,395
15:06,396
15:07,397
15:08,398
15:09,399
15:10,400
15:11,401
15:12,402
15:13,403
15:14,404
15:15,405
15:16,406
15:17,407
15:18,408
15:19,409
15:20,410
15:21,411
15:22,412
15:23,413
15:24,414
15:25,415
15:26,416
15:27,417
15:28,418
15:29,419
15:30,420
15:31,421
15:32,422
15:33,423
15:34,424
15:35,425
15:36,426
15:37,427
15:38,428
15:39,429
15:40,430
15:41,431
15:42,432
15:43,433
15:44,434
15:45,435
15:46,436
15:47,437
15:48,438
15:49,439
15:50,440
15:51,441
15:52,442
15:53,443
15:54,444
15:55,445
15:56,446
15:57,447
15:58,448
15:59,449
16:00,450
16:01,451
16:02,452
16:03,453
16:04,454
16:05,455
16:06,456
16:07,457
16:08,458
16:09,459
16:10,460
16:11,461
16:12,462
16:13,463
16:14,464
16:15,465
16:16,466
16:17,467
16:18,468
16:19,469
16:20,470
16:21,471
16:22,472
16:23,473
16:24,474
16:25,475
16:26,476
16:27,477
16:28,478
16:29,479
16:30,480
16:31,481
16:32,482
16:33,483
16:34,484
16:35,485
16:36,486
16:37,487
16:38,488
16:39,489
16:40,490
16:41,491
16:42,492
16:43,493
16:44,494
16:45,495
16:46,496
16:47,497
16:48,498
16:49,499
16:50,500
16:51,501
16:52,502
16:53,503
16:54,504
16:55,505
16:56,506
16:57,507
16:58,508
16:59,509
17:00,510
17:01,511
17:02,512
17:03,513
17:04,514
17:05,515
17:06,516
17:07,517
17:08,518
17:09,519
17:10,520
17:11,521
17:12,522
17:13,523
17:14,524
17:15,525
17:16,526
17:17,527
17:18,528
17:19,529
17:20,530
17:21,531
17:22,532
17:23,533
17:24,534
17:25,535
17:26,536
17:27,537
17:28,538
17:29,539
17:30,540
17:31,541
17:32,542
17:33,543
17:34,544
17:35,545
17:36,546
17:37,547
17:38,548
17:39,549
17:40,550
17:41,551
17:42,552
17:43,553
17:44,554
17:45,555
17:46,556
17:47,557
17:48,558
17:49,559
17:50,560
17:51,561
17:52,562
17:53,563
17:54,564
17:55,565
17:56,566
17:57,567
17:58,568
17:59,569
18:00,570
18:01,571
18:02,572
18:03,573
18:04,574
18:05,575
18:06,576
18:07,577
18:08,578
18:09,579
18:10,580
18:11,581
18:12,582
18:13,583
18:14,584
18:15,585
18:16,586
18:17,587
18:18,588
18:19,589
18:20,590
18:21,591
18:22,592
18:23,593
18:24,594
18:25,595
18:26,596
18:27,597
18:28,598
18:29,599
18:30,600
18:31,601
18:32,602
18:33,603
18:34,604
18:35,605
18:36,606
18:37,607
18:38,608
18:39,609
18:40,610
18:41,611
18:42,612
18:43,613
18:44,614
18:45,615
18:46,616
18:47,617
18:48,618
18:49,619
18:50,620
18:51,621
18:52,622
18:53,623
18:54,624
18:55,625
18:56,626
18:57,627
18:58,628
18:59,629
19:00,630
19:01,631
19:02,632
19:03,633
19:04,634
19:05,635
19:06,636
19:07,637
19:08,638
19:09,639
19:10,640
19:11,641
19:12,642
19:13,643
19:14,644
19:15,645
19:16,646
19:17,647
19:18,648
19:19,649
19:20,650
19:21,651
19:22,652
19:23,653
19:24,654
19:25,655
19:26,656
19:27,657
19:28,658
19:29,659
19:30,660
19:31,661
19:32,662
19:33,663
19:34,664
19:35,665
19:36,666
19:37,667
19:38,668
19:39,669
19:40,670
19:41,671
19:42,672
19:43,673
19:44,674
19:45,675
19:46,676
19:47,677
19:48,678
19:49,679
19:50,680
19:51,681
19:52,682
19:53,683
19:54,684
19:55,685
19:56,686
19:57,687
19:58,688
19:59,689
20:00,690
20:01,691
20:02,692
20:03,693
20:04,694
20:05,695
20:06,696
20:07,697
20:08,698
20:09,699
20:10,700
20:11,701
20:12,702
20:13,703
20:14,704
20:15,705
20:16,706
20:17,707
20:18,708
20:19,709
20:20,710
20:21,711
20:22,712
20:23,713
20:24,714
20:25,715
20:26,716
20:27,717
20:28,718
20:29,719
20:30,720
20:31,721
20:32,722
20:33,723
20:34,724
20:35,725
20:36,726
20:37,727
20:38,728
20:39,729
20:40,730
20:41,731
20:42,732
20:43,733
20:44,734
20:45,735
20:46,736
20:47,737
20:48,738
20:49,739
20:50,740
20:51,741
20:52,742
20:53,743
20:54,744
20:55,745
20:56,746
20:57,747
20:58,748
20:59,749
21:00,750
21:01,751
21:02,752
21:03,753
21:04,754
21:05,755
21:06,756
21:07,757
21:08,758
21:09,759
21:10,760
21:11,761
21:12,762
21:13,763
21:14,764
21:15,765
21:16,766
21:17,767
21:18,768
21:19,769
21:20,770
21:21,771
21:22,772
21:23,773
21:24,774
21:25,775
21:26,776
21:27,777
21:28,778
21:29,779
21:30,780
21:31,781
21:32,782
21:33,783
21:34,784
21:35,785
21:36,786
21:37,787
21:38,788
21:39,789
21:40,790
21:41,791
21:42,792
21:43,793
21:44,794
21:45,795
21:46,796
21:47,797
21:48,798
21:49,799
21:50,800
21:51,801
21:52,802
21:53,803
21:54,804
21:55,805
21:56,806
21:57,807
21:58,808
21:59,809
22:00,810
22:01,811
22:02,812
22:03,813
22:04,814
22:05,815
22:06,816
22:07,817
22:08,818
22:09,819
22:10,820
22:11,821
22:12,822
22:13,823
22:14,824
22:15,825
22:16,826
22:17,827
22:18,828
22:19,829
22:20,830
22:21,831
22:22,832
22:23,833
22:24,834
22:25,835
22:26,836
22:27,837
22:28,838
22:29,839
22:30,840
22:31,841
22:32,842
22:33,843
22:34,844
22:35,845
22:36,846
22:37,847
22:38,848
22:39,849
22:40,850
22:41,851
22:42,852
22:43,853
22:44,854
22:45,855
22:46,856
22:47,857
22:48,858
22:49,859
22:50,860
22:51,861
22:52,862
22:53,863
22:54,864
22:55,865
22:56,866
22:57,867
22:58,868
22:59,869
23:00,870
23:01,871
23:02,872
23:03,873
23:04,874
23:05,875
23:06,876
23:07,877
23:08,878
23:09,879
23:10,880
23:11,881
23:12,882
23:13,883
23:14,884
23:15,885
23:16,886
23:17,887
23:18,888
23:19,889
23:20,890
23:21,891
23:22,892
23:23,893
23:24,894
23:25,895
23:26,896
23:27,897
23:28,898
23:29,899
23:30,900
23:31,901
23:32,902
23:33,903
23:34,904
23:35,905
23:36,906
23:37,907
23:38,908
23:39,909
23:40,910
23:41,911
23:42,912
23:43,913
23:44,914
23:45,915
23:46,916
23:47,917
23:48,918
23:49,919
23:50,920
23:51,921
23:52,922
23:53,923
23:54,924
23:55,925
23:56,926
23:57,927
23:58,928
23:59,929
0:00,930
0:01,931
0:02,932
0:03,933
0:04,934
0:05,935
0:06,936
0:07,937
0:08,938
0:09,939
0:10,940
0:11,941
0:12,942
0:13,943
0:14,944
0:15,945
0:16,946
0:17,947
0:18,948
0:19,949
0:20,950
0:21,951
0:22,952
0:23,953
0:24,954
0:25,955
0:26,956
0:27,957
0:28,958
0:29,959
0:30,960
0:31,961
0:32,962
0:33,963
0:34,964
0:35,965
0:36,966
0:37,967
0:38,968
0:39,969
0:40,970
0:41,971
0:42,972
0:43,973
0:44,974
0:45,975
0:46,976
0:47,977
0:48,978
0:49,979
0:50,980
0:51,981
0:52,982
0:53,983
0:54,984
0:55,985
0:56,986
0:57,987
0:58,988
0:59,989
1:00,990
1:01,991
1:02,992
1:03,993
1:04,994
1:05,995
1:06,996
1:07,997
1:08,998
1:09,999
1:10,1000
1:11,1001
1:12,1002
1:13,1003
1:14,1004
1:15,1005
1:16,1006
1:17,1007
1:18,1008
1:19,1009
1:20,1010
1:21,1011
1:22,1012
1:23,1013
1:24,1014
1:25,1015
1:26,1016
1:27,1017
1:28,1018
1:29,1019
1:30,1020
1:31,1021
1:32,1022
1:33,1023
1:34,1024
1:35,1025
1:36,1026
1:37,1027
1:38,1028
1:39,1029
1:40,1030
1:41,1031
1:42,1032
1:43,1033
1:44,1034
1:45,1035
1:46,1036
1:47,1037
1:48,1038
1:49,1039
1:50,1040
1:51,1041
1:52,1042
1:53,1043
1:54,1044
1:55,1045
1:56,1046
1:57,1047
1:58,1048
1:59,1049
2:00,1050
2:01,1051
2:02,1052
2:03,1053
2:04,1054
2:05,1055
2:06,1056
2:07,1057
2:08,1058
2:09,1059
2:10,1060
2:11,1061
2:12,1062
2:13,1063
2:14,1064
2:15,1065
2:16,1066
2:17,1067
2:18,1068
2:19,1069
2:20,1070
2:21,1071
2:22,1072
2:23,1073
2:24,1074
2:25,1075
2:26,1076
2:27,1077
2:28,1078
2:29,1079
2:30,1080
2:31,1081
2:32,1082
2:33,1083
2:34,1084
2:35,1085
2:36,1086
2:37,1087
2:38,1088
2:39,1089
2:40,1090
2:41,1091
2:42,1092
2:43,1093
2:44,1094
2:45,1095
2:46,1096
2:47,1097
2:48,1098
2:49,1099
2:50,1100
2:51,1101
2:52,1102
2:53,1103
2:54,1104
2:55,1105
2:56,1106
2:57,1107
2:58,1108
2:59,1109
3:00,1110
3:01,1111
3:02,1112
3:03,1113
3:04,1114
3:05,1115
3:06,1116
3:07,1117
3:08,1118
3:09,1119
3:10,1120
3:11,1121
3:12,1122
3:13,1123
3:14,1124
3:15,1125
3:16,1126
3:17,1127
3:18,1128
3:19,1129
3:20,1130
3:21,1131
3:22,1132
3:23,1133
3:24,1134
3:25,1135
3:26,1136
3:27,1137
3:28,1138
3:29,1139
3:30,1140
3:31,1141
3:32,1142
3:33,1143
3:34,1144
3:35,1145
3:36,1146
3:37,1147
3:38,1148
3:39,1149
3:40,1150
3:41,1151
3:42,1152
3:43,1153
3:44,1154
3:45,1155
3:46,1156
3:47,1157
3:48,1158
3:49,1159
3:50,1160
3:51,1161
3:52,1162
3:53,1163
3:54,1164
3:55,1165
3:56,1166
3:57,1167
3:58,1168
3:59,1169
4:00,1170
4:01,1171
4:02,1172
4:03,1173
4:04,1174
4:05,1175
4:06,1176
4:07,1177
4:08,1178
4:09,1179
4:10,1180
4:11,1181
4:12,1182
4:13,1183
4:14,1184
4:15,1185
4:16,1186
4:17,1187
4:18,1188
4:19,1189
4:20,1190
4:21,1191
4:22,1192
4:23,1193
4:24,1194
4:25,1195
4:26,1196
4:27,1197
4:28,1198
4:29,1199
4:30,1200
4:31,1201
4:32,1202
4:33,1203
4:34,1204
4:35,1205
4:36,1206
4:37,1207
4:38,1208
4:39,1209
4:40,1210
4:41,1211
4:42,1212
4:43,1213
4:44,1214
4:45,1215
4:46,1216
4:47,1217
4:48,1218
4:49,1219
4:50,1220
4:51,1221
4:52,1222
4:53,1223
4:54,1224
4:55,1225
4:56,1226
4:57,1227
4:58,1228
4:59,1229
5:00,1230
5:01,1231
5:02,1232
5:03,1233
5:04,1234
5:05,1235
5:06,1236
5:07,1237
5:08,1238
5:09,1239
5:10,1240
5:11,1241
5:12,1242
5:13,1243
5:14,1244
5:15,1245
5:16,1246
5:17,1247
5:18,1248
5:19,1249
5:20,1250
5:21,1251
5:22,1252
5:23,1253
5:24,1254
5:25,1255
5:26,1256
5:27,1257
5:28,1258
5:29,1259
5:30,1260
5:31,1261
5:32,1262
5:33,1263
5:34,1264
5:35,1265
5:36,1266
5:37,1267
5:38,1268
5:39,1269
5:40,1270
5:41,1271
5:42,1272
5:43,1273
5:44,1274
5:45,1275
5:46,1276
5:47,1277
5:48,1278
5:49,1279
5:50,1280
5:51,1281
5:52,1282
5:53,1283
5:54,1284
5:55,1285
5:56,1286
5:57,1287
5:58,1288
5:59,1289
6:00,1290
6:01,1291
6:02,1292
6:03,1293
6:04,1294
6:05,1295
6:06,1296
6:07,1297
6:08,1298
6:09,1299
6:10,1300
6:11,1301
6:12,1302
6:13,1303
6:14,1304
6:15,1305
6:16,1306
6:17,1307
6:18,1308
6:19,1309
6:20,1310
6:21,1311
6:22,1312
6:23,1313
6:24,1314
6:25,1315
6:26,1316
6:27,1317
6:28,1318
6:29,1319
6:30,1320
6:31,1321
6:32,1322
6:33,1323
6:34,1324
6:35,1325
6:36,1326
6:37,1327
6:38,1328
6:39,1329
6:40,1330
6:41,1331
6:42,1332
6:43,1333
6:44,1334
6:45,1335
6:46,1336
6:47,1337
6:48,1338
6:49,1339
6:50,1340
6:51,1341
6:52,1342
6:53,1343
6:54,1344
6:55,1345
6:56,1346
6:57,1347
6:58,1348
6:59,1349
7:00,1350
7:01,1351
7:02,1352
7:03,1353
7:04,1354
7:05,1355
7:06,1356
7:07,1357
7:08,1358
7:09,1359
7:10,1360
7:11,1361
7:12,1362
7:13,1363
7:14,1364
7:15,1365
7:16,1366
7:17,1367
7:18,1368
7:19,1369
7:20,1370
7:21,1371
7:22,1372
7:23,1373
7:24,1374
7:25,1375
7:26,1376
7:27,1377
7:28,1378
7:29,1379
7:30,1380
7:31,1381
7:32,1382
7:33,1383
7:34,1384
7:35,1385
7:36,1386
7:37,1387
7:38,1388
7:39,1389
7:40,1390
7:41,1391
7:42,1392
7:43,1393
7:44,1394
7:45,1395
7:46,1396
7:47,1397
7:48,1398
7:49,1399
7:50,1400
7:51,1401
7:52,1402
7:53,1403
7:54,1404
7:55,1405
7:56,1406
7:57,1407
7:58,1408
7:59,1409
8:00,1410
8:01,1411
8:02,1412
8:03,1413
8:04,1414
8:05,1415
8:06,1416
8:07,1417
8:08,1418
8:09,1419
8:10,1420
8:11,1421
8:12,1422
8:13,1423
8:14,1424
8:15,1425
8:16,1426
8:17,1427
8:18,1428
8:19,1429
8:20,1430
8:21,1431
8:22,1432
8:23,1433
8:24,1434
8:25,1435
8:26,1436
8:27,1437
8:28,1438
8:29,1439
